"state_name","district_name","external_id"
"ANDAMAN AND NICOBAR ISLANDS","NICOBARS","lgd_district_603"
"ANDAMAN AND NICOBAR ISLANDS","NORTH AND MIDDLE ANDAMAN","lgd_district_632"
"ANDAMAN AND NICOBAR ISLANDS","SOUTH ANDAMANS","lgd_district_602"
"ANDHRA PRADESH","ANANTAPUR","lgd_district_502"
"ANDHRA PRADESH","CHITTOOR","lgd_district_503"
"ANDHRA PRADESH","EAST GODAVARI","lgd_district_505"
"ANDHRA PRADESH","GUNTUR","lgd_district_506"
"ANDHRA PRADESH","KRISHNA","lgd_district_510"
"ANDHRA PRADESH","KURNOOL","lgd_district_511"
"ANDHRA PRADESH","PRAKASAM","lgd_district_517"
"ANDHRA PRADESH","SPSR NELLORE","lgd_district_515"
"ANDHRA PRADESH","SRIKAKULAM","lgd_district_519"
"ANDHRA PRADESH","VISAKHAPATANAM","lgd_district_520"
"ANDHRA PRADESH","VIZIANAGARAM","lgd_district_521"
"ANDHRA PRADESH","WEST GODAVARI","lgd_district_523"
"ANDHRA PRADESH","Y.S.R.","lgd_district_504"
"ARUNACHAL PRADESH","ANJAW","lgd_district_628"
"ARUNACHAL PRADESH","CHANGLANG","lgd_district_229"
"ARUNACHAL PRADESH","DIBANG VALLEY","lgd_district_230"
"ARUNACHAL PRADESH","EAST KAMENG","lgd_district_231"
"ARUNACHAL PRADESH","EAST SIANG","lgd_district_232"
"ARUNACHAL PRADESH","KAMLE","lgd_district_718"
"ARUNACHAL PRADESH","KRA  DAADI","lgd_district_677"
"ARUNACHAL PRADESH","KURUNG KUMEY","lgd_district_233"
"ARUNACHAL PRADESH","LEPARADA","lgd_district_724"
"ARUNACHAL PRADESH","LOHIT","lgd_district_234"
"ARUNACHAL PRADESH","LONGDING","lgd_district_666"
"ARUNACHAL PRADESH","LOWER DIBANG VALLEY","lgd_district_235"
"ARUNACHAL PRADESH","LOWER SIANG","lgd_district_719"
"ARUNACHAL PRADESH","LOWER SUBANSIRI","lgd_district_236"
"ARUNACHAL PRADESH","NAMSAI","lgd_district_678"
"ARUNACHAL PRADESH","PAKKE KESSANG","lgd_district_723"
"ARUNACHAL PRADESH","PAPUM PARE","lgd_district_237"
"ARUNACHAL PRADESH","SHI YOMI","lgd_district_725"
"ARUNACHAL PRADESH","SIANG","lgd_district_679"
"ARUNACHAL PRADESH","TAWANG","lgd_district_238"
"ARUNACHAL PRADESH","TIRAP","lgd_district_239"
"ARUNACHAL PRADESH","UPPER SIANG","lgd_district_240"
"ARUNACHAL PRADESH","UPPER SUBANSIRI","lgd_district_241"
"ARUNACHAL PRADESH","WEST KAMENG","lgd_district_242"
"ARUNACHAL PRADESH","WEST SIANG","lgd_district_243"
"ASSAM","BAKSA","lgd_district_616"
"ASSAM","BARPETA","lgd_district_280"
"ASSAM","Biswanath","lgd_district_705"
"ASSAM","BONGAIGAON","lgd_district_281"
"ASSAM","CACHAR","lgd_district_282"
"ASSAM","CHARAIDEO","lgd_district_708"
"ASSAM","CHIRANG","lgd_district_612"
"ASSAM","DARRANG","lgd_district_283"
"ASSAM","DHEMAJI","lgd_district_284"
"ASSAM","DHUBRI","lgd_district_285"
"ASSAM","DIBRUGARH","lgd_district_286"
"ASSAM","DIMA HASAO","lgd_district_299"
"ASSAM","GOALPARA","lgd_district_287"
"ASSAM","GOLAGHAT","lgd_district_288"
"ASSAM","HAILAKANDI","lgd_district_289"
"ASSAM","HOJAI","lgd_district_709"
"ASSAM","JORHAT","lgd_district_290"
"ASSAM","KAMRUP","lgd_district_291"
"ASSAM","KAMRUP METRO","lgd_district_618"
"ASSAM","KARBI ANGLONG","lgd_district_292"
"ASSAM","KARIMGANJ","lgd_district_293"
"ASSAM","KOKRAJHAR","lgd_district_294"
"ASSAM","LAKHIMPUR","lgd_district_295"
"ASSAM","MAJULI","lgd_district_706"
"ASSAM","MARIGAON","lgd_district_296"
"ASSAM","NAGAON","lgd_district_297"
"ASSAM","NALBARI","lgd_district_298"
"ASSAM","SIVASAGAR","lgd_district_300"
"ASSAM","SONITPUR","lgd_district_301"
"ASSAM","SOUTH SALMARA MANCACHAR","lgd_district_707"
"ASSAM","TINSUKIA","lgd_district_302"
"ASSAM","UDALGURI","lgd_district_617"
"ASSAM","WEST KARBI ANGLONG","lgd_district_710"
"BIHAR","ARARIA","lgd_district_188"
"BIHAR","ARWAL","lgd_district_611"
"BIHAR","AURANGABAD","lgd_district_189"
"BIHAR","BANKA","lgd_district_190"
"BIHAR","BEGUSARAI","lgd_district_191"
"BIHAR","BHAGALPUR","lgd_district_192"
"BIHAR","BHOJPUR","lgd_district_193"
"BIHAR","BUXAR","lgd_district_194"
"BIHAR","DARBHANGA","lgd_district_195"
"BIHAR","GAYA","lgd_district_196"
"BIHAR","GOPALGANJ","lgd_district_197"
"BIHAR","JAMUI","lgd_district_198"
"BIHAR","JEHANABAD","lgd_district_199"
"BIHAR","KAIMUR (BHABUA)","lgd_district_200"
"BIHAR","KATIHAR","lgd_district_201"
"BIHAR","KHAGARIA","lgd_district_202"
"BIHAR","KISHANGANJ","lgd_district_203"
"BIHAR","LAKHISARAI","lgd_district_204"
"BIHAR","MADHEPURA","lgd_district_205"
"BIHAR","MADHUBANI","lgd_district_206"
"BIHAR","MUNGER","lgd_district_207"
"BIHAR","MUZAFFARPUR","lgd_district_208"
"BIHAR","NALANDA","lgd_district_209"
"BIHAR","NAWADA","lgd_district_210"
"BIHAR","PASHCHIM CHAMPARAN","lgd_district_211"
"BIHAR","PATNA","lgd_district_212"
"BIHAR","PURBI CHAMPARAN","lgd_district_213"
"BIHAR","PURNIA","lgd_district_214"
"BIHAR","ROHTAS","lgd_district_215"
"BIHAR","SAHARSA","lgd_district_216"
"BIHAR","SAMASTIPUR","lgd_district_217"
"BIHAR","SARAN","lgd_district_218"
"BIHAR","SHEIKHPURA","lgd_district_219"
"BIHAR","SHEOHAR","lgd_district_220"
"BIHAR","SITAMARHI","lgd_district_221"
"BIHAR","SIWAN","lgd_district_222"
"BIHAR","SUPAUL","lgd_district_223"
"BIHAR","VAISHALI","lgd_district_224"
"CHANDIGARH","CHANDIGARH","lgd_district_44"
"CHHATTISGARH","BALOD","lgd_district_646"
"CHHATTISGARH","BALODA BAZAR","lgd_district_644"
"CHHATTISGARH","BALRAMPUR","lgd_district_649"
"CHHATTISGARH","BASTAR","lgd_district_374"
"CHHATTISGARH","BEMETARA","lgd_district_650"
"CHHATTISGARH","BIJAPUR","lgd_district_636"
"CHHATTISGARH","BILASPUR","lgd_district_375"
"CHHATTISGARH","DANTEWADA","lgd_district_376"
"CHHATTISGARH","DHAMTARI","lgd_district_377"
"CHHATTISGARH","DURG","lgd_district_378"
"CHHATTISGARH","GARIYABAND","lgd_district_645"
"CHHATTISGARH","JANJGIR-CHAMPA","lgd_district_379"
"CHHATTISGARH","JASHPUR","lgd_district_380"
"CHHATTISGARH","KABIRDHAM","lgd_district_382"
"CHHATTISGARH","KANKER","lgd_district_381"
"CHHATTISGARH","KONDAGAON","lgd_district_643"
"CHHATTISGARH","KORBA","lgd_district_383"
"CHHATTISGARH","KOREA","lgd_district_384"
"CHHATTISGARH","MAHASAMUND","lgd_district_385"
"CHHATTISGARH","MUNGELI","lgd_district_647"
"CHHATTISGARH","NARAYANPUR","lgd_district_637"
"CHHATTISGARH","RAIGARH","lgd_district_386"
"CHHATTISGARH","RAIPUR","lgd_district_387"
"CHHATTISGARH","RAJNANDGAON","lgd_district_388"
"CHHATTISGARH","SUKMA","lgd_district_642"
"CHHATTISGARH","SURAJPUR","lgd_district_648"
"CHHATTISGARH","SURGUJA","lgd_district_389"
"DADRA AND NAGAR HAVELI","DADRA AND NAGAR HAVELI","lgd_district_465"
"DAMAN AND DIU","DAMAN","lgd_district_463"
"DAMAN AND DIU","DIU","lgd_district_464"
"DELHI","CENTRAL","lgd_district_77"
"DELHI","EAST","lgd_district_78"
"DELHI","NEW DELHI","lgd_district_79"
"DELHI","NORTH","lgd_district_80"
"DELHI","NORTH EAST","lgd_district_81"
"DELHI","NORTH WEST","lgd_district_82"
"DELHI","SHAHDARA","lgd_district_671"
"DELHI","SOUTH","lgd_district_83"
"DELHI","South East","lgd_district_670"
"DELHI","SOUTH WEST","lgd_district_84"
"DELHI","WEST","lgd_district_85"
"GOA","NORTH GOA","lgd_district_551"
"GOA","SOUTH GOA","lgd_district_552"
"GUJARAT","AHMADABAD","lgd_district_438"
"GUJARAT","AMRELI","lgd_district_439"
"GUJARAT","ANAND","lgd_district_440"
"GUJARAT","ARVALLI","lgd_district_672"
"GUJARAT","BANAS KANTHA","lgd_district_441"
"GUJARAT","BHARUCH","lgd_district_442"
"GUJARAT","BHAVNAGAR","lgd_district_443"
"GUJARAT","BOTAD","lgd_district_676"
"GUJARAT","CHHOTAUDEPUR","lgd_district_668"
"GUJARAT","DANG","lgd_district_444"
"GUJARAT","DEVBHUMI DWARKA","lgd_district_674"
"GUJARAT","DOHAD","lgd_district_445"
"GUJARAT","GANDHINAGAR","lgd_district_446"
"GUJARAT","GIR SOMNATH","lgd_district_675"
"GUJARAT","JAMNAGAR","lgd_district_447"
"GUJARAT","JUNAGADH","lgd_district_448"
"GUJARAT","KACHCHH","lgd_district_449"
"GUJARAT","KHEDA","lgd_district_450"
"GUJARAT","MAHESANA","lgd_district_451"
"GUJARAT","Mahisagar","lgd_district_669"
"GUJARAT","MORBI","lgd_district_673"
"GUJARAT","NARMADA","lgd_district_452"
"GUJARAT","NAVSARI","lgd_district_453"
"GUJARAT","PANCH MAHALS","lgd_district_454"
"GUJARAT","PATAN","lgd_district_455"
"GUJARAT","PORBANDAR","lgd_district_456"
"GUJARAT","RAJKOT","lgd_district_457"
"GUJARAT","SABAR KANTHA","lgd_district_458"
"GUJARAT","SURAT","lgd_district_459"
"GUJARAT","SURENDRANAGAR","lgd_district_460"
"GUJARAT","TAPI","lgd_district_641"
"GUJARAT","VADODARA","lgd_district_461"
"GUJARAT","VALSAD","lgd_district_462"
"HARYANA","AMBALA","lgd_district_58"
"HARYANA","BHIWANI","lgd_district_59"
"HARYANA","CHARKI DADRI","lgd_district_701"
"HARYANA","FARIDABAD","lgd_district_60"
"HARYANA","FATEHABAD","lgd_district_61"
"HARYANA","GURUGRAM","lgd_district_62"
"HARYANA","HISAR","lgd_district_63"
"HARYANA","JHAJJAR","lgd_district_64"
"HARYANA","JIND","lgd_district_65"
"HARYANA","KAITHAL","lgd_district_66"
"HARYANA","KARNAL","lgd_district_67"
"HARYANA","KURUKSHETRA","lgd_district_68"
"HARYANA","MAHENDRAGARH","lgd_district_69"
"HARYANA","NUH","lgd_district_604"
"HARYANA","PALWAL","lgd_district_619"
"HARYANA","PANCHKULA","lgd_district_70"
"HARYANA","PANIPAT","lgd_district_71"
"HARYANA","REWARI","lgd_district_72"
"HARYANA","ROHTAK","lgd_district_73"
"HARYANA","SIRSA","lgd_district_74"
"HARYANA","SONIPAT","lgd_district_75"
"HARYANA","YAMUNANAGAR","lgd_district_76"
"HIMACHAL PRADESH","BILASPUR","lgd_district_15"
"HIMACHAL PRADESH","CHAMBA","lgd_district_16"
"HIMACHAL PRADESH","HAMIRPUR","lgd_district_17"
"HIMACHAL PRADESH","KANGRA","lgd_district_18"
"HIMACHAL PRADESH","KINNAUR","lgd_district_19"
"HIMACHAL PRADESH","KULLU","lgd_district_20"
"HIMACHAL PRADESH","LAHUL AND SPITI","lgd_district_21"
"HIMACHAL PRADESH","MANDI","lgd_district_22"
"HIMACHAL PRADESH","SHIMLA","lgd_district_23"
"HIMACHAL PRADESH","SIRMAUR","lgd_district_24"
"HIMACHAL PRADESH","SOLAN","lgd_district_25"
"HIMACHAL PRADESH","UNA","lgd_district_26"
"JAMMU AND KASHMIR","ANANTNAG","lgd_district_1"
"JAMMU AND KASHMIR","BANDIPORA","lgd_district_623"
"JAMMU AND KASHMIR","BARAMULLA","lgd_district_3"
"JAMMU AND KASHMIR","Budgam","lgd_district_2"
"JAMMU AND KASHMIR","DODA","lgd_district_4"
"JAMMU AND KASHMIR","GANDERBAL","lgd_district_626"
"JAMMU AND KASHMIR","JAMMU","lgd_district_5"
"JAMMU AND KASHMIR","KATHUA","lgd_district_7"
"JAMMU AND KASHMIR","KISHTWAR","lgd_district_620"
"JAMMU AND KASHMIR","KULGAM","lgd_district_622"
"JAMMU AND KASHMIR","KUPWARA","lgd_district_8"
"JAMMU AND KASHMIR","POONCH","lgd_district_10"
"JAMMU AND KASHMIR","PULWAMA","lgd_district_11"
"JAMMU AND KASHMIR","RAJOURI","lgd_district_12"
"JAMMU AND KASHMIR","RAMBAN","lgd_district_621"
"JAMMU AND KASHMIR","REASI","lgd_district_627"
"JAMMU AND KASHMIR","SAMBA","lgd_district_624"
"JAMMU AND KASHMIR","SHOPIAN","lgd_district_625"
"JAMMU AND KASHMIR","SRINAGAR","lgd_district_13"
"JAMMU AND KASHMIR","UDHAMPUR","lgd_district_14"
"JHARKHAND","BOKARO","lgd_district_322"
"JHARKHAND","CHATRA","lgd_district_323"
"JHARKHAND","DEOGHAR","lgd_district_324"
"JHARKHAND","DHANBAD","lgd_district_325"
"JHARKHAND","DUMKA","lgd_district_326"
"JHARKHAND","EAST SINGHBUM","lgd_district_327"
"JHARKHAND","GARHWA","lgd_district_328"
"JHARKHAND","GIRIDIH","lgd_district_329"
"JHARKHAND","GODDA","lgd_district_330"
"JHARKHAND","GUMLA","lgd_district_331"
"JHARKHAND","HAZARIBAGH","lgd_district_332"
"JHARKHAND","JAMTARA","lgd_district_333"
"JHARKHAND","KHUNTI","lgd_district_606"
"JHARKHAND","KODERMA","lgd_district_334"
"JHARKHAND","LATEHAR","lgd_district_335"
"JHARKHAND","LOHARDAGA","lgd_district_336"
"JHARKHAND","PAKUR","lgd_district_337"
"JHARKHAND","PALAMU","lgd_district_338"
"JHARKHAND","RAMGARH","lgd_district_607"
"JHARKHAND","RANCHI","lgd_district_339"
"JHARKHAND","SAHEBGANJ","lgd_district_340"
"JHARKHAND","SARAIKELA KHARSAWAN","lgd_district_341"
"JHARKHAND","SIMDEGA","lgd_district_342"
"JHARKHAND","WEST SINGHBHUM","lgd_district_343"
"KARNATAKA","BAGALKOTE","lgd_district_524"
"KARNATAKA","BALLARI","lgd_district_528"
"KARNATAKA","BELAGAVI","lgd_district_527"
"KARNATAKA","BENGALURU RURAL","lgd_district_526"
"KARNATAKA","BENGALURU URBAN","lgd_district_525"
"KARNATAKA","BIDAR","lgd_district_529"
"KARNATAKA","CHAMARAJANAGARA","lgd_district_531"
"KARNATAKA","CHIKKABALLAPURA","lgd_district_630"
"KARNATAKA","CHIKKAMAGALURU","lgd_district_532"
"KARNATAKA","CHITRADURGA","lgd_district_533"
"KARNATAKA","DAKSHINA KANNADA","lgd_district_534"
"KARNATAKA","DAVANGERE","lgd_district_535"
"KARNATAKA","DHARWAD","lgd_district_536"
"KARNATAKA","GADAG","lgd_district_537"
"KARNATAKA","HASSAN","lgd_district_539"
"KARNATAKA","HAVERI","lgd_district_540"
"KARNATAKA","KALABURAGI","lgd_district_538"
"KARNATAKA","KODAGU","lgd_district_541"
"KARNATAKA","KOLAR","lgd_district_542"
"KARNATAKA","KOPPAL","lgd_district_543"
"KARNATAKA","MANDYA","lgd_district_544"
"KARNATAKA","MYSURU","lgd_district_545"
"KARNATAKA","RAICHUR","lgd_district_546"
"KARNATAKA","RAMANAGARA","lgd_district_631"
"KARNATAKA","SHIVAMOGGA","lgd_district_547"
"KARNATAKA","TUMAKURU","lgd_district_548"
"KARNATAKA","UDUPI","lgd_district_549"
"KARNATAKA","UTTARA KANNADA","lgd_district_550"
"KARNATAKA","VIJAYAPURA","lgd_district_530"
"KARNATAKA","YADGIR","lgd_district_635"
"KERALA","ALAPPUZHA","lgd_district_554"
"KERALA","ERNAKULAM","lgd_district_555"
"KERALA","IDUKKI","lgd_district_556"
"KERALA","KANNUR","lgd_district_557"
"KERALA","KASARAGOD","lgd_district_558"
"KERALA","KOLLAM","lgd_district_559"
"KERALA","KOTTAYAM","lgd_district_560"
"KERALA","KOZHIKODE","lgd_district_561"
"KERALA","MALAPPURAM","lgd_district_562"
"KERALA","PALAKKAD","lgd_district_563"
"KERALA","PATHANAMTHITTA","lgd_district_564"
"KERALA","THIRUVANANTHAPURAM","lgd_district_565"
"KERALA","THRISSUR","lgd_district_566"
"KERALA","WAYANAD","lgd_district_567"
"LADAKH","KARGIL","lgd_district_6"
"LADAKH","LEH LADAKH","lgd_district_9"
"LAKSHADWEEP","LAKSHADWEEP DISTRICT","lgd_district_553"
"MADHYA PRADESH","AGAR MALWA","lgd_district_667"
"MADHYA PRADESH","ALIRAJPUR","lgd_district_639"
"MADHYA PRADESH","ANUPPUR","lgd_district_390"
"MADHYA PRADESH","ASHOKNAGAR","lgd_district_391"
"MADHYA PRADESH","BALAGHAT","lgd_district_392"
"MADHYA PRADESH","BARWANI","lgd_district_393"
"MADHYA PRADESH","BETUL","lgd_district_394"
"MADHYA PRADESH","BHIND","lgd_district_395"
"MADHYA PRADESH","BHOPAL","lgd_district_396"
"MADHYA PRADESH","BURHANPUR","lgd_district_397"
"MADHYA PRADESH","CHHATARPUR","lgd_district_398"
"MADHYA PRADESH","CHHINDWARA","lgd_district_399"
"MADHYA PRADESH","DAMOH","lgd_district_400"
"MADHYA PRADESH","DATIA","lgd_district_401"
"MADHYA PRADESH","DEWAS","lgd_district_402"
"MADHYA PRADESH","DHAR","lgd_district_403"
"MADHYA PRADESH","DINDORI","lgd_district_404"
"MADHYA PRADESH","EAST NIMAR","lgd_district_405"
"MADHYA PRADESH","GUNA","lgd_district_406"
"MADHYA PRADESH","GWALIOR","lgd_district_407"
"MADHYA PRADESH","HARDA","lgd_district_408"
"MADHYA PRADESH","HOSHANGABAD","lgd_district_409"
"MADHYA PRADESH","INDORE","lgd_district_410"
"MADHYA PRADESH","JABALPUR","lgd_district_411"
"MADHYA PRADESH","JHABUA","lgd_district_412"
"MADHYA PRADESH","KATNI","lgd_district_413"
"MADHYA PRADESH","KHARGONE","lgd_district_414"
"MADHYA PRADESH","MANDLA","lgd_district_415"
"MADHYA PRADESH","MANDSAUR","lgd_district_416"
"MADHYA PRADESH","MORENA","lgd_district_417"
"MADHYA PRADESH","NARSINGHPUR","lgd_district_418"
"MADHYA PRADESH","NEEMUCH","lgd_district_419"
"MADHYA PRADESH","Niwari","lgd_district_722"
"MADHYA PRADESH","PANNA","lgd_district_420"
"MADHYA PRADESH","RAISEN","lgd_district_421"
"MADHYA PRADESH","RAJGARH","lgd_district_422"
"MADHYA PRADESH","RATLAM","lgd_district_423"
"MADHYA PRADESH","REWA","lgd_district_424"
"MADHYA PRADESH","SAGAR","lgd_district_425"
"MADHYA PRADESH","SATNA","lgd_district_426"
"MADHYA PRADESH","SEHORE","lgd_district_427"
"MADHYA PRADESH","SEONI","lgd_district_428"
"MADHYA PRADESH","SHAHDOL","lgd_district_429"
"MADHYA PRADESH","SHAJAPUR","lgd_district_430"
"MADHYA PRADESH","SHEOPUR","lgd_district_431"
"MADHYA PRADESH","SHIVPURI","lgd_district_432"
"MADHYA PRADESH","SIDHI","lgd_district_433"
"MADHYA PRADESH","SINGRAULI","lgd_district_638"
"MADHYA PRADESH","TIKAMGARH","lgd_district_434"
"MADHYA PRADESH","UJJAIN","lgd_district_435"
"MADHYA PRADESH","UMARIA","lgd_district_436"
"MADHYA PRADESH","VIDISHA","lgd_district_437"
"MAHARASHTRA","AHMEDNAGAR","lgd_district_466"
"MAHARASHTRA","AKOLA","lgd_district_467"
"MAHARASHTRA","AMRAVATI","lgd_district_468"
"MAHARASHTRA","AURANGABAD","lgd_district_469"
"MAHARASHTRA","BEED","lgd_district_470"
"MAHARASHTRA","BHANDARA","lgd_district_471"
"MAHARASHTRA","BULDHANA","lgd_district_472"
"MAHARASHTRA","CHANDRAPUR","lgd_district_473"
"MAHARASHTRA","DHULE","lgd_district_474"
"MAHARASHTRA","GADCHIROLI","lgd_district_475"
"MAHARASHTRA","GONDIA","lgd_district_476"
"MAHARASHTRA","HINGOLI","lgd_district_477"
"MAHARASHTRA","JALGAON","lgd_district_478"
"MAHARASHTRA","JALNA","lgd_district_479"
"MAHARASHTRA","KOLHAPUR","lgd_district_480"
"MAHARASHTRA","LATUR","lgd_district_481"
"MAHARASHTRA","MUMBAI","lgd_district_482"
"MAHARASHTRA","MUMBAI SUBURBAN","lgd_district_483"
"MAHARASHTRA","NAGPUR","lgd_district_484"
"MAHARASHTRA","NANDED","lgd_district_485"
"MAHARASHTRA","NANDURBAR","lgd_district_486"
"MAHARASHTRA","NASHIK","lgd_district_487"
"MAHARASHTRA","OSMANABAD","lgd_district_488"
"MAHARASHTRA","PALGHAR","lgd_district_665"
"MAHARASHTRA","PARBHANI","lgd_district_489"
"MAHARASHTRA","PUNE","lgd_district_490"
"MAHARASHTRA","RAIGAD","lgd_district_491"
"MAHARASHTRA","RATNAGIRI","lgd_district_492"
"MAHARASHTRA","SANGLI","lgd_district_493"
"MAHARASHTRA","SATARA","lgd_district_494"
"MAHARASHTRA","SINDHUDURG","lgd_district_495"
"MAHARASHTRA","SOLAPUR","lgd_district_496"
"MAHARASHTRA","THANE","lgd_district_497"
"MAHARASHTRA","WARDHA","lgd_district_498"
"MAHARASHTRA","WASHIM","lgd_district_499"
"MAHARASHTRA","YAVATMAL","lgd_district_500"
"MANIPUR","BISHNUPUR","lgd_district_252"
"MANIPUR","CHANDEL","lgd_district_253"
"MANIPUR","CHURACHANDPUR","lgd_district_254"
"MANIPUR","IMPHAL EAST","lgd_district_255"
"MANIPUR","IMPHAL WEST","lgd_district_256"
"MANIPUR","JIRIBAM","lgd_district_713"
"MANIPUR","KAKCHING","lgd_district_711"
"MANIPUR","KAMJONG","lgd_district_717"
"MANIPUR","KANGPOKPI","lgd_district_712"
"MANIPUR","NONEY","lgd_district_714"
"MANIPUR","PHERZAWL","lgd_district_715"
"MANIPUR","SENAPATI","lgd_district_257"
"MANIPUR","TAMENGLONG","lgd_district_258"
"MANIPUR","TENGNOUPAL","lgd_district_716"
"MANIPUR","THOUBAL","lgd_district_259"
"MANIPUR","UKHRUL","lgd_district_260"
"MEGHALAYA","EAST GARO HILLS","lgd_district_273"
"MEGHALAYA","EAST JAINTIA HILLS","lgd_district_657"
"MEGHALAYA","EAST KHASI HILLS","lgd_district_274"
"MEGHALAYA","NORTH GARO HILLS","lgd_district_656"
"MEGHALAYA","RI BHOI","lgd_district_276"
"MEGHALAYA","SOUTH GARO HILLS","lgd_district_277"
"MEGHALAYA","SOUTH WEST GARO HILLS","lgd_district_663"
"MEGHALAYA","SOUTH WEST KHASI HILLS","lgd_district_658"
"MEGHALAYA","WEST GARO HILLS","lgd_district_278"
"MEGHALAYA","WEST JAINTIA HILLS","lgd_district_275"
"MEGHALAYA","WEST KHASI HILLS","lgd_district_279"
"MIZORAM","AIZAWL","lgd_district_261"
"MIZORAM","CHAMPHAI","lgd_district_262"
"MIZORAM","Hnahthial","lgd_district_726"
"MIZORAM","KHAWZAWL","lgd_district_728"
"MIZORAM","KOLASIB","lgd_district_263"
"MIZORAM","LAWNGTLAI","lgd_district_264"
"MIZORAM","LUNGLEI","lgd_district_265"
"MIZORAM","MAMIT","lgd_district_266"
"MIZORAM","SAIHA","lgd_district_267"
"MIZORAM","SAITUAL","lgd_district_727"
"MIZORAM","SERCHHIP","lgd_district_268"
"NAGALAND","DIMAPUR","lgd_district_244"
"NAGALAND","KIPHIRE","lgd_district_614"
"NAGALAND","KOHIMA","lgd_district_245"
"NAGALAND","LONGLENG","lgd_district_615"
"NAGALAND","MOKOKCHUNG","lgd_district_246"
"NAGALAND","MON","lgd_district_247"
"NAGALAND","PEREN","lgd_district_613"
"NAGALAND","PHEK","lgd_district_248"
"NAGALAND","TUENSANG","lgd_district_249"
"NAGALAND","WOKHA","lgd_district_250"
"NAGALAND","ZUNHEBOTO","lgd_district_251"
"ODISHA","ANUGUL","lgd_district_344"
"ODISHA","BALANGIR","lgd_district_345"
"ODISHA","BALESHWAR","lgd_district_346"
"ODISHA","BARGARH","lgd_district_347"
"ODISHA","BHADRAK","lgd_district_348"
"ODISHA","BOUDH","lgd_district_349"
"ODISHA","CUTTACK","lgd_district_350"
"ODISHA","DEOGARH","lgd_district_351"
"ODISHA","DHENKANAL","lgd_district_352"
"ODISHA","GAJAPATI","lgd_district_353"
"ODISHA","GANJAM","lgd_district_354"
"ODISHA","JAGATSINGHAPUR","lgd_district_355"
"ODISHA","JAJAPUR","lgd_district_356"
"ODISHA","JHARSUGUDA","lgd_district_357"
"ODISHA","KALAHANDI","lgd_district_358"
"ODISHA","KANDHAMAL","lgd_district_359"
"ODISHA","KENDRAPARA","lgd_district_360"
"ODISHA","KENDUJHAR","lgd_district_361"
"ODISHA","KHORDHA","lgd_district_362"
"ODISHA","KORAPUT","lgd_district_363"
"ODISHA","MALKANGIRI","lgd_district_364"
"ODISHA","MAYURBHANJ","lgd_district_365"
"ODISHA","NABARANGPUR","lgd_district_366"
"ODISHA","NAYAGARH","lgd_district_367"
"ODISHA","NUAPADA","lgd_district_368"
"ODISHA","PURI","lgd_district_369"
"ODISHA","RAYAGADA","lgd_district_370"
"ODISHA","SAMBALPUR","lgd_district_371"
"ODISHA","SONEPUR","lgd_district_372"
"ODISHA","SUNDARGARH","lgd_district_373"
"PUDUCHERRY","KARAIKAL","lgd_district_598"
"PUDUCHERRY","MAHE","lgd_district_599"
"PUDUCHERRY","PONDICHERRY","lgd_district_600"
"PUDUCHERRY","YANAM","lgd_district_601"
"PUNJAB","AMRITSAR","lgd_district_27"
"PUNJAB","BARNALA","lgd_district_605"
"PUNJAB","BATHINDA","lgd_district_28"
"PUNJAB","FARIDKOT","lgd_district_29"
"PUNJAB","FATEHGARH SAHIB","lgd_district_30"
"PUNJAB","FAZILKA","lgd_district_651"
"PUNJAB","FIROZEPUR","lgd_district_31"
"PUNJAB","GURDASPUR","lgd_district_32"
"PUNJAB","HOSHIARPUR","lgd_district_33"
"PUNJAB","JALANDHAR","lgd_district_34"
"PUNJAB","KAPURTHALA","lgd_district_35"
"PUNJAB","LUDHIANA","lgd_district_36"
"PUNJAB","MANSA","lgd_district_37"
"PUNJAB","MOGA","lgd_district_38"
"PUNJAB","PATHANKOT","lgd_district_662"
"PUNJAB","PATIALA","lgd_district_41"
"PUNJAB","RUPNAGAR","lgd_district_42"
"PUNJAB","S.A.S Nagar","lgd_district_608"
"PUNJAB","SANGRUR","lgd_district_43"
"PUNJAB","Shahid Bhagat Singh Nagar","lgd_district_40"
"PUNJAB","SRI MUKTSAR SAHIB","lgd_district_39"
"PUNJAB","Tarn Taran","lgd_district_609"
"RAJASTHAN","AJMER","lgd_district_86"
"RAJASTHAN","ALWAR","lgd_district_87"
"RAJASTHAN","BANSWARA","lgd_district_88"
"RAJASTHAN","BARAN","lgd_district_89"
"RAJASTHAN","BARMER","lgd_district_90"
"RAJASTHAN","BHARATPUR","lgd_district_91"
"RAJASTHAN","BHILWARA","lgd_district_92"
"RAJASTHAN","BIKANER","lgd_district_93"
"RAJASTHAN","BUNDI","lgd_district_94"
"RAJASTHAN","CHITTORGARH","lgd_district_95"
"RAJASTHAN","CHURU","lgd_district_96"
"RAJASTHAN","DAUSA","lgd_district_97"
"RAJASTHAN","DHOLPUR","lgd_district_98"
"RAJASTHAN","DUNGARPUR","lgd_district_99"
"RAJASTHAN","GANGANAGAR","lgd_district_100"
"RAJASTHAN","HANUMANGARH","lgd_district_101"
"RAJASTHAN","JAIPUR","lgd_district_102"
"RAJASTHAN","JAISALMER","lgd_district_103"
"RAJASTHAN","JALORE","lgd_district_104"
"RAJASTHAN","JHALAWAR","lgd_district_105"
"RAJASTHAN","JHUNJHUNU","lgd_district_106"
"RAJASTHAN","JODHPUR","lgd_district_107"
"RAJASTHAN","KARAULI","lgd_district_108"
"RAJASTHAN","KOTA","lgd_district_109"
"RAJASTHAN","NAGAUR","lgd_district_110"
"RAJASTHAN","PALI","lgd_district_111"
"RAJASTHAN","PRATAPGARH","lgd_district_629"
"RAJASTHAN","RAJSAMAND","lgd_district_112"
"RAJASTHAN","SAWAI MADHOPUR","lgd_district_113"
"RAJASTHAN","SIKAR","lgd_district_114"
"RAJASTHAN","SIROHI","lgd_district_115"
"RAJASTHAN","TONK","lgd_district_116"
"RAJASTHAN","UDAIPUR","lgd_district_117"
"SIKKIM","EAST DISTRICT","lgd_district_225"
"SIKKIM","NORTH DISTRICT","lgd_district_226"
"SIKKIM","SOUTH DISTRICT","lgd_district_227"
"SIKKIM","WEST DISTRICT","lgd_district_228"
"TAMIL NADU","Ariyalur","lgd_district_610"
"TAMIL NADU","CHENGALPATTU","lgd_district_730"
"TAMIL NADU","CHENNAI","lgd_district_568"
"TAMIL NADU","COIMBATORE","lgd_district_569"
"TAMIL NADU","CUDDALORE","lgd_district_570"
"TAMIL NADU","DHARMAPURI","lgd_district_571"
"TAMIL NADU","DINDIGUL","lgd_district_572"
"TAMIL NADU","ERODE","lgd_district_573"
"TAMIL NADU","KALLAKURICHI","lgd_district_729"
"TAMIL NADU","KANCHIPURAM","lgd_district_574"
"TAMIL NADU","KANNIYAKUMARI","lgd_district_575"
"TAMIL NADU","KARUR","lgd_district_576"
"TAMIL NADU","KRISHNAGIRI","lgd_district_577"
"TAMIL NADU","MADURAI","lgd_district_578"
"TAMIL NADU","NAGAPATTINAM","lgd_district_579"
"TAMIL NADU","NAMAKKAL","lgd_district_580"
"TAMIL NADU","PERAMBALUR","lgd_district_581"
"TAMIL NADU","PUDUKKOTTAI","lgd_district_582"
"TAMIL NADU","RAMANATHAPURAM","lgd_district_583"
"TAMIL NADU","Ranipet","lgd_district_731"
"TAMIL NADU","SALEM","lgd_district_584"
"TAMIL NADU","SIVAGANGA","lgd_district_585"
"TAMIL NADU","TENKASI","lgd_district_733"
"TAMIL NADU","THANJAVUR","lgd_district_586"
"TAMIL NADU","THE NILGIRIS","lgd_district_587"
"TAMIL NADU","THENI","lgd_district_588"
"TAMIL NADU","THIRUVALLUR","lgd_district_589"
"TAMIL NADU","THIRUVARUR","lgd_district_590"
"TAMIL NADU","TIRUCHIRAPPALLI","lgd_district_591"
"TAMIL NADU","TIRUNELVELI","lgd_district_592"
"TAMIL NADU","Tirupathur","lgd_district_732"
"TAMIL NADU","TIRUPPUR","lgd_district_634"
"TAMIL NADU","TIRUVANNAMALAI","lgd_district_593"
"TAMIL NADU","TUTICORIN","lgd_district_594"
"TAMIL NADU","VELLORE","lgd_district_595"
"TAMIL NADU","VILLUPURAM","lgd_district_596"
"TAMIL NADU","VIRUDHUNAGAR","lgd_district_597"
"TELANGANA","ADILABAD","lgd_district_501"
"TELANGANA","BHADRADRI KOTHAGUDEM","lgd_district_690"
"TELANGANA","HYDERABAD","lgd_district_507"
"TELANGANA","Jagitial","lgd_district_681"
"TELANGANA","JANGOAN","lgd_district_689"
"TELANGANA","JAYASHANKAR BHUPALAPALLY","lgd_district_687"
"TELANGANA","JOGULAMBA GADWAL","lgd_district_695"
"TELANGANA","KAMAREDDY","lgd_district_685"
"TELANGANA","KARIMNAGAR","lgd_district_508"
"TELANGANA","KHAMMAM","lgd_district_509"
"TELANGANA","KUMURAM BHEEM ASIFABAD","lgd_district_699"
"TELANGANA","MAHABUBABAD","lgd_district_688"
"TELANGANA","MAHABUBNAGAR","lgd_district_512"
"TELANGANA","MANCHERIAL","lgd_district_684"
"TELANGANA","MEDAK","lgd_district_513"
"TELANGANA","MEDCHAL MALKAJGIRI","lgd_district_700"
"TELANGANA","Mulugu","lgd_district_720"
"TELANGANA","NAGARKURNOOL","lgd_district_694"
"TELANGANA","NALGONDA","lgd_district_514"
"TELANGANA","Narayanpet","lgd_district_721"
"TELANGANA","Nirmal","lgd_district_680"
"TELANGANA","NIZAMABAD","lgd_district_516"
"TELANGANA","PEDDAPALLI","lgd_district_682"
"TELANGANA","RAJANNA SIRCILLA","lgd_district_683"
"TELANGANA","RANGA REDDY","lgd_district_518"
"TELANGANA","SANGAREDDY","lgd_district_691"
"TELANGANA","SIDDIPET","lgd_district_692"
"TELANGANA","SURYAPET","lgd_district_696"
"TELANGANA","VIKARABAD","lgd_district_698"
"TELANGANA","WANAPARTHY","lgd_district_693"
"TELANGANA","WARANGAL RURAL","lgd_district_522"
"TELANGANA","WARANGAL URBAN","lgd_district_686"
"TELANGANA","YADADRI BHUVANAGIRI","lgd_district_697"
"TRIPURA","Dhalai","lgd_district_269"
"TRIPURA","Gomati","lgd_district_654"
"TRIPURA","Khowai","lgd_district_652"
"TRIPURA","North Tripura","lgd_district_270"
"TRIPURA","Sepahijala","lgd_district_653"
"TRIPURA","South Tripura","lgd_district_271"
"TRIPURA","Unakoti","lgd_district_655"
"TRIPURA","West Tripura","lgd_district_272"
"UTTAR PRADESH","AGRA","lgd_district_118"
"UTTAR PRADESH","ALIGARH","lgd_district_119"
"UTTAR PRADESH","AMBEDKAR NAGAR","lgd_district_121"
"UTTAR PRADESH","Amethi","lgd_district_640"
"UTTAR PRADESH","AMROHA","lgd_district_154"
"UTTAR PRADESH","AURAIYA","lgd_district_122"
"UTTAR PRADESH","AYODHYA","lgd_district_140"
"UTTAR PRADESH","AZAMGARH","lgd_district_123"
"UTTAR PRADESH","BAGHPAT","lgd_district_124"
"UTTAR PRADESH","BAHRAICH","lgd_district_125"
"UTTAR PRADESH","BALLIA","lgd_district_126"
"UTTAR PRADESH","BALRAMPUR","lgd_district_127"
"UTTAR PRADESH","BANDA","lgd_district_128"
"UTTAR PRADESH","BARABANKI","lgd_district_129"
"UTTAR PRADESH","BAREILLY","lgd_district_130"
"UTTAR PRADESH","BASTI","lgd_district_131"
"UTTAR PRADESH","BHADOHI","lgd_district_179"
"UTTAR PRADESH","BIJNOR","lgd_district_132"
"UTTAR PRADESH","BUDAUN","lgd_district_133"
"UTTAR PRADESH","BULANDSHAHR","lgd_district_134"
"UTTAR PRADESH","CHANDAULI","lgd_district_135"
"UTTAR PRADESH","CHITRAKOOT","lgd_district_136"
"UTTAR PRADESH","DEORIA","lgd_district_137"
"UTTAR PRADESH","ETAH","lgd_district_138"
"UTTAR PRADESH","ETAWAH","lgd_district_139"
"UTTAR PRADESH","FARRUKHABAD","lgd_district_141"
"UTTAR PRADESH","FATEHPUR","lgd_district_142"
"UTTAR PRADESH","FIROZABAD","lgd_district_143"
"UTTAR PRADESH","GAUTAM BUDDHA NAGAR","lgd_district_144"
"UTTAR PRADESH","GHAZIABAD","lgd_district_145"
"UTTAR PRADESH","GHAZIPUR","lgd_district_146"
"UTTAR PRADESH","GONDA","lgd_district_147"
"UTTAR PRADESH","GORAKHPUR","lgd_district_148"
"UTTAR PRADESH","HAMIRPUR","lgd_district_149"
"UTTAR PRADESH","HAPUR","lgd_district_661"
"UTTAR PRADESH","HARDOI","lgd_district_150"
"UTTAR PRADESH","HATHRAS","lgd_district_163"
"UTTAR PRADESH","JALAUN","lgd_district_151"
"UTTAR PRADESH","JAUNPUR","lgd_district_152"
"UTTAR PRADESH","JHANSI","lgd_district_153"
"UTTAR PRADESH","KANNAUJ","lgd_district_155"
"UTTAR PRADESH","KANPUR DEHAT","lgd_district_156"
"UTTAR PRADESH","KANPUR NAGAR","lgd_district_157"
"UTTAR PRADESH","Kasganj","lgd_district_633"
"UTTAR PRADESH","KAUSHAMBI","lgd_district_158"
"UTTAR PRADESH","KHERI","lgd_district_159"
"UTTAR PRADESH","KUSHI NAGAR","lgd_district_160"
"UTTAR PRADESH","LALITPUR","lgd_district_161"
"UTTAR PRADESH","LUCKNOW","lgd_district_162"
"UTTAR PRADESH","MAHARAJGANJ","lgd_district_164"
"UTTAR PRADESH","MAHOBA","lgd_district_165"
"UTTAR PRADESH","MAINPURI","lgd_district_166"
"UTTAR PRADESH","MATHURA","lgd_district_167"
"UTTAR PRADESH","MAU","lgd_district_168"
"UTTAR PRADESH","MEERUT","lgd_district_169"
"UTTAR PRADESH","MIRZAPUR","lgd_district_170"
"UTTAR PRADESH","MORADABAD","lgd_district_171"
"UTTAR PRADESH","MUZAFFARNAGAR","lgd_district_172"
"UTTAR PRADESH","PILIBHIT","lgd_district_173"
"UTTAR PRADESH","PRATAPGARH","lgd_district_174"
"UTTAR PRADESH","PRAYAGRAJ","lgd_district_120"
"UTTAR PRADESH","RAE BARELI","lgd_district_175"
"UTTAR PRADESH","RAMPUR","lgd_district_176"
"UTTAR PRADESH","SAHARANPUR","lgd_district_177"
"UTTAR PRADESH","SAMBHAL","lgd_district_659"
"UTTAR PRADESH","SANT KABEER NAGAR","lgd_district_178"
"UTTAR PRADESH","SHAHJAHANPUR","lgd_district_180"
"UTTAR PRADESH","SHAMLI","lgd_district_660"
"UTTAR PRADESH","SHRAVASTI","lgd_district_181"
"UTTAR PRADESH","SIDDHARTH NAGAR","lgd_district_182"
"UTTAR PRADESH","SITAPUR","lgd_district_183"
"UTTAR PRADESH","SONBHADRA","lgd_district_184"
"UTTAR PRADESH","SULTANPUR","lgd_district_185"
"UTTAR PRADESH","UNNAO","lgd_district_186"
"UTTAR PRADESH","VARANASI","lgd_district_187"
"UTTARAKHAND","ALMORA","lgd_district_45"
"UTTARAKHAND","BAGESHWAR","lgd_district_46"
"UTTARAKHAND","CHAMOLI","lgd_district_47"
"UTTARAKHAND","CHAMPAWAT","lgd_district_48"
"UTTARAKHAND","DEHRADUN","lgd_district_49"
"UTTARAKHAND","HARIDWAR","lgd_district_50"
"UTTARAKHAND","NAINITAL","lgd_district_51"
"UTTARAKHAND","PAURI GARHWAL","lgd_district_52"
"UTTARAKHAND","PITHORAGARH","lgd_district_53"
"UTTARAKHAND","RUDRA PRAYAG","lgd_district_54"
"UTTARAKHAND","TEHRI GARHWAL","lgd_district_55"
"UTTARAKHAND","UDAM SINGH NAGAR","lgd_district_56"
"UTTARAKHAND","UTTAR KASHI","lgd_district_57"
"WEST BENGAL","24 PARAGANAS NORTH","lgd_district_303"
"WEST BENGAL","24 PARAGANAS SOUTH","lgd_district_304"
"WEST BENGAL","Alipurduar","lgd_district_664"
"WEST BENGAL","BANKURA","lgd_district_305"
"WEST BENGAL","BIRBHUM","lgd_district_307"
"WEST BENGAL","COOCHBEHAR","lgd_district_308"
"WEST BENGAL","DARJEELING","lgd_district_309"
"WEST BENGAL","DINAJPUR DAKSHIN","lgd_district_310"
"WEST BENGAL","DINAJPUR UTTAR","lgd_district_311"
"WEST BENGAL","HOOGHLY","lgd_district_312"
"WEST BENGAL","HOWRAH","lgd_district_313"
"WEST BENGAL","JALPAIGURI","lgd_district_314"
"WEST BENGAL","Jhargram","lgd_district_703"
"WEST BENGAL","KALIMPONG","lgd_district_702"
"WEST BENGAL","KOLKATA","lgd_district_315"
"WEST BENGAL","MALDAH","lgd_district_316"
"WEST BENGAL","MEDINIPUR EAST","lgd_district_317"
"WEST BENGAL","MEDINIPUR WEST","lgd_district_318"
"WEST BENGAL","MURSHIDABAD","lgd_district_319"
"WEST BENGAL","NADIA","lgd_district_320"
"WEST BENGAL","PASCHIM BARDHAMAN","lgd_district_704"
"WEST BENGAL","PURBA BARDHAMAN","lgd_district_306"
"WEST BENGAL","PURULIA","lgd_district_321"
